NOMEREGIAO1,NOMEESTADO,ATIVIDADE1,AreaCusteio,QTDCUSTEIO,VLCUSTEIO,AreaInvestimento,QTDINVESTIMENTO,VLINVESTIMENTO,QTDCOMERCIALIZACAO,VLCOMERCIALIZACAO,QTDINDUSTRIALIZACAO,VLINDUSTRIALIZACAO,AREATOTAL,QTDTOTAL,VLRTOTAL,AreaCusteio1,Textbox28,Textbox37,AreaInvestimento1,Textbox38,Textbox39,Textbox40,Textbox41,QTDINDUSTRIALIZACAO1,VLINDUSTRIALIZACAO1,AREATOTAL1,QTDTOTAL1,VLRTOTAL1,Textbox46,Textbox31,Textbox32,Textbox53,Textbox33,Textbox34,Textbox35,Textbox36,Textbox17,Textbox48,Textbox59,Textbox4,Textbox11,Textbox47,Textbox22,Textbox23,Textbox54,Textbox24,Textbox25,Textbox26,Textbox27,Textbox42,Textbox49,Textbox60,Textbox5,Textbox12
SUL,PR,Agrícola,"31.955.239,42",1.367.103,"134.116.679.393,55","893.226,74",281.785,"44.953.820.169,24",43.272,"28.842.996.373,99",1.040,"14.646.482.217,24","32.848.466,16",1.693.200,"222.559.978.154,02","60.306.824,00",1.603.103,"164.527.757.938,52","1.271.042,32",487.451,"67.374.300.009,71",44.343,"32.072.828.568,89",1.743,"32.302.389.904,46","61.577.866,32",2.136.640,"296.277.276.421,58","112.536.978,37",5.308.246,"378.321.850.767,04","5.661.749,64",1.530.321,"155.245.903.813,40",149.175,"96.026.592.875,96",5.000,"55.074.458.222,61","118.198.728,01",6.992.742,"684.668.805.679,01","296.240.457,09",9.165.221,"1.091.726.437.695,37","56.270.077,14",11.713.729,"542.004.797.560,83",294.968,"249.921.772.458,82",7.117,"74.319.188.362,19","352.510.534,23",21.181.035,"1.957.972.196.077,21"
SUL,PR,Pecuária,"28.351.584,58",236.000,"30.411.078.544,97","377.815,58",205.666,"22.420.479.840,47",1.071,"3.229.832.194,90",703,"17.655.907.687,22","28.729.400,16",443.440,"73.717.298.267,56","60.306.824,00",1.603.103,"164.527.757.938,52","1.271.042,32",487.451,"67.374.300.009,71",44.343,"32.072.828.568,89",1.743,"32.302.389.904,46","61.577.866,32",2.136.640,"296.277.276.421,58","112.536.978,37",5.308.246,"378.321.850.767,04","5.661.749,64",1.530.321,"155.245.903.813,40",149.175,"96.026.592.875,96",5.000,"55.074.458.222,61","118.198.728,01",6.992.742,"684.668.805.679,01","296.240.457,09",9.165.221,"1.091.726.437.695,37","56.270.077,14",11.713.729,"542.004.797.560,83",294.968,"249.921.772.458,82",7.117,"74.319.188.362,19","352.510.534,23",21.181.035,"1.957.972.196.077,21"
SUL,RS,Agrícola,"35.486.127,23",2.149.663,"120.977.817.143,07","1.894.648,90",428.562,"43.526.382.414,16",70.208,"44.344.938.428,44",1.650,"9.422.951.121,63","37.380.776,13",2.650.083,"218.272.089.107,30","41.765.542,23",2.690.691,"155.656.635.062,78","2.339.122,47",647.968,"58.722.779.373,53",82.696,"48.296.337.876,51",2.175,"13.555.731.226,65","44.104.664,70",3.423.530,"276.231.483.539,47","112.536.978,37",5.308.246,"378.321.850.767,04","5.661.749,64",1.530.321,"155.245.903.813,40",149.175,"96.026.592.875,96",5.000,"55.074.458.222,61","118.198.728,01",6.992.742,"684.668.805.679,01","296.240.457,09",9.165.221,"1.091.726.437.695,37","56.270.077,14",11.713.729,"542.004.797.560,83",294.968,"249.921.772.458,82",7.117,"74.319.188.362,19","352.510.534,23",21.181.035,"1.957.972.196.077,21"
SUL,RS,Pecuária,"6.279.415,00",541.028,"34.678.817.919,71","444.473,57",219.406,"15.196.396.959,37",12.488,"3.951.399.448,07",525,"4.132.780.105,02","6.723.888,57",773.447,"57.959.394.432,17","41.765.542,23",2.690.691,"155.656.635.062,78","2.339.122,47",647.968,"58.722.779.373,53",82.696,"48.296.337.876,51",2.175,"13.555.731.226,65","44.104.664,70",3.423.530,"276.231.483.539,47","112.536.978,37",5.308.246,"378.321.850.767,04","5.661.749,64",1.530.321,"155.245.903.813,40",149.175,"96.026.592.875,96",5.000,"55.074.458.222,61","118.198.728,01",6.992.742,"684.668.805.679,01","296.240.457,09",9.165.221,"1.091.726.437.695,37","56.270.077,14",11.713.729,"542.004.797.560,83",294.968,"249.921.772.458,82",7.117,"74.319.188.362,19","352.510.534,23",21.181.035,"1.957.972.196.077,21"
SUL,SC,Agrícola,"4.824.301,37",673.487,"27.602.462.979,38","1.934.334,41",195.331,"14.966.817.438,70",16.151,"13.365.678.304,29",864,"6.776.946.114,26","6.758.635,78",885.833,"62.711.904.836,63","10.464.612,14",1.014.452,"58.137.457.765,74","2.051.584,85",394.902,"29.148.824.430,16",22.136,"15.657.426.430,56",1.082,"9.216.337.091,50","12.516.196,99",1.432.572,"112.160.045.717,96","112.536.978,37",5.308.246,"378.321.850.767,04","5.661.749,64",1.530.321,"155.245.903.813,40",149.175,"96.026.592.875,96",5.000,"55.074.458.222,61","118.198.728,01",6.992.742,"684.668.805.679,01","296.240.457,09",9.165.221,"1.091.726.437.695,37","56.270.077,14",11.713.729,"542.004.797.560,83",294.968,"249.921.772.458,82",7.117,"74.319.188.362,19","352.510.534,23",21.181.035,"1.957.972.196.077,21"
SUL,SC,Pecuária,"5.640.310,77",340.965,"30.534.994.786,36","117.250,44",199.571,"14.182.006.991,46",5.985,"2.291.748.126,27",218,"2.439.390.977,24","5.757.561,21",546.739,"49.448.140.881,33","10.464.612,14",1.014.452,"58.137.457.765,74","2.051.584,85",394.902,"29.148.824.430,16",22.136,"15.657.426.430,56",1.082,"9.216.337.091,50","12.516.196,99",1.432.572,"112.160.045.717,96","112.536.978,37",5.308.246,"378.321.850.767,04","5.661.749,64",1.530.321,"155.245.903.813,40",149.175,"96.026.592.875,96",5.000,"55.074.458.222,61","118.198.728,01",6.992.742,"684.668.805.679,01","296.240.457,09",9.165.221,"1.091.726.437.695,37","56.270.077,14",11.713.729,"542.004.797.560,83",294.968,"249.921.772.458,82",7.117,"74.319.188.362,19","352.510.534,23",21.181.035,"1.957.972.196.077,21"
CENTRO-OESTE,MT,Agrícola,"26.422.877,66",89.252,"78.152.145.147,18","3.091.308,05",66.458,"45.404.063.492,87",7.693,"15.426.623.448,30",79,"978.759.999,79","29.514.185,71",163.482,"139.961.592.088,14","34.901.063,78",273.940,"111.874.589.372,50","6.815.037,56",218.403,"68.747.046.744,93",9.473,"15.969.706.149,37",140,"1.244.259.999,79","41.716.101,34",501.956,"197.835.602.266,59","99.362.743,43",930.032,"294.615.978.024,20","14.693.321,15",572.272,"148.911.196.425,96",32.017,"47.603.867.379,06",473,"4.950.673.412,74","114.056.064,58",1.534.794,"496.081.715.241,96","296.240.457,09",9.165.221,"1.091.726.437.695,37","56.270.077,14",11.713.729,"542.004.797.560,83",294.968,"249.921.772.458,82",7.117,"74.319.188.362,19","352.510.534,23",21.181.035,"1.957.972.196.077,21"
CENTRO-OESTE,MT,Pecuária,"8.478.186,12",184.688,"33.722.444.225,32","3.723.729,51",151.945,"23.342.983.252,06",1.780,"543.082.701,07",61,"265.500.000,00","12.201.915,63",338.474,"57.874.010.178,45","34.901.063,78",273.940,"111.874.589.372,50","6.815.037,56",218.403,"68.747.046.744,93",9.473,"15.969.706.149,37",140,"1.244.259.999,79","41.716.101,34",501.956,"197.835.602.266,59","99.362.743,43",930.032,"294.615.978.024,20","14.693.321,15",572.272,"148.911.196.425,96",32.017,"47.603.867.379,06",473,"4.950.673.412,74","114.056.064,58",1.534.794,"496.081.715.241,96","296.240.457,09",9.165.221,"1.091.726.437.695,37","56.270.077,14",11.713.729,"542.004.797.560,83",294.968,"249.921.772.458,82",7.117,"74.319.188.362,19","352.510.534,23",21.181.035,"1.957.972.196.077,21"
CENTRO-OESTE,GO,Agrícola,"19.395.848,65",130.328,"64.231.876.551,61","2.053.036,69",55.557,"25.176.412.867,98",8.647,"19.731.801.905,37",136,"2.342.253.427,30","21.448.885,34",194.668,"111.482.344.752,26","30.004.246,33",402.991,"107.381.028.214,04","4.604.118,71",236.284,"49.161.190.722,67",10.325,"22.603.230.613,88",181,"2.624.393.427,30","34.608.365,04",649.781,"181.769.842.977,89","99.362.743,43",930.032,"294.615.978.024,20","14.693.321,15",572.272,"148.911.196.425,96",32.017,"47.603.867.379,06",473,"4.950.673.412,74","114.056.064,58",1.534.794,"496.081.715.241,96","296.240.457,09",9.165.221,"1.091.726.437.695,37","56.270.077,14",11.713.729,"542.004.797.560,83",294.968,"249.921.772.458,82",7.117,"74.319.188.362,19","352.510.534,23",21.181.035,"1.957.972.196.077,21"
CENTRO-OESTE,GO,Pecuária,"10.608.397,68",272.663,"43.149.151.662,43","2.551.082,02",180.727,"23.984.777.854,69",1.678,"2.871.428.708,51",45,"282.140.000,00","13.159.479,70",455.113,"70.287.498.225,63","30.004.246,33",402.991,"107.381.028.214,04","4.604.118,71",236.284,"49.161.190.722,67",10.325,"22.603.230.613,88",181,"2.624.393.427,30","34.608.365,04",649.781,"181.769.842.977,89","99.362.743,43",930.032,"294.615.978.024,20","14.693.321,15",572.272,"148.911.196.425,96",32.017,"47.603.867.379,06",473,"4.950.673.412,74","114.056.064,58",1.534.794,"496.081.715.241,96","296.240.457,09",9.165.221,"1.091.726.437.695,37","56.270.077,14",11.713.729,"542.004.797.560,83",294.968,"249.921.772.458,82",7.117,"74.319.188.362,19","352.510.534,23",21.181.035,"1.957.972.196.077,21"
CENTRO-OESTE,MS,Agrícola,"16.509.606,40",120.280,"46.444.841.475,15","1.009.829,52",40.394,"19.148.014.364,40",10.937,"8.328.705.836,32",118,"787.781.643,55","17.519.435,92",171.729,"74.709.343.319,42","34.220.025,97",249.142,"74.240.109.498,04","3.267.461,80",115.210,"30.368.661.801,58",11.537,"8.457.662.315,29",131,"902.081.643,55","37.487.487,77",376.020,"113.968.515.258,46","99.362.743,43",930.032,"294.615.978.024,20","14.693.321,15",572.272,"148.911.196.425,96",32.017,"47.603.867.379,06",473,"4.950.673.412,74","114.056.064,58",1.534.794,"496.081.715.241,96","296.240.457,09",9.165.221,"1.091.726.437.695,37","56.270.077,14",11.713.729,"542.004.797.560,83",294.968,"249.921.772.458,82",7.117,"74.319.188.362,19","352.510.534,23",21.181.035,"1.957.972.196.077,21"
CENTRO-OESTE,MS,Pecuária,"17.710.419,57",128.862,"27.795.268.022,89","2.257.632,28",74.816,"11.220.647.437,18",600,"128.956.478,97",13,"114.300.000,00","19.968.051,85",204.291,"39.259.171.939,04","34.220.025,97",249.142,"74.240.109.498,04","3.267.461,80",115.210,"30.368.661.801,58",11.537,"8.457.662.315,29",131,"902.081.643,55","37.487.487,77",376.020,"113.968.515.258,46","99.362.743,43",930.032,"294.615.978.024,20","14.693.321,15",572.272,"148.911.196.425,96",32.017,"47.603.867.379,06",473,"4.950.673.412,74","114.056.064,58",1.534.794,"496.081.715.241,96","296.240.457,09",9.165.221,"1.091.726.437.695,37","56.270.077,14",11.713.729,"542.004.797.560,83",294.968,"249.921.772.458,82",7.117,"74.319.188.362,19","352.510.534,23",21.181.035,"1.957.972.196.077,21"
CENTRO-OESTE,DF,Agrícola,"225.926,28",3.388,"914.386.662,21","6.388,34",1.963,"562.027.057,44",654,"533.191.023,38",19,"176.438.342,10","232.314,62",6.024,"2.186.043.085,13","237.407,35",3.959,"1.120.250.939,62","6.703,08",2.375,"634.297.156,78",682,"573.268.300,52",21,"179.938.342,10","244.110,43",7.037,"2.507.754.739,02","99.362.743,43",930.032,"294.615.978.024,20","14.693.321,15",572.272,"148.911.196.425,96",32.017,"47.603.867.379,06",473,"4.950.673.412,74","114.056.064,58",1.534.794,"496.081.715.241,96","296.240.457,09",9.165.221,"1.091.726.437.695,37","56.270.077,14",11.713.729,"542.004.797.560,83",294.968,"249.921.772.458,82",7.117,"74.319.188.362,19","352.510.534,23",21.181.035,"1.957.972.196.077,21"
CENTRO-OESTE,DF,Pecuária,"11.481,07",571,"205.864.277,41","314,74",412,"72.270.099,34",28,"40.077.277,14",2,"3.500.000,00","11.795,81",1.013,"321.711.653,89","237.407,35",3.959,"1.120.250.939,62","6.703,08",2.375,"634.297.156,78",682,"573.268.300,52",21,"179.938.342,10","244.110,43",7.037,"2.507.754.739,02","99.362.743,43",930.032,"294.615.978.024,20","14.693.321,15",572.272,"148.911.196.425,96",32.017,"47.603.867.379,06",473,"4.950.673.412,74","114.056.064,58",1.534.794,"496.081.715.241,96","296.240.457,09",9.165.221,"1.091.726.437.695,37","56.270.077,14",11.713.729,"542.004.797.560,83",294.968,"249.921.772.458,82",7.117,"74.319.188.362,19","352.510.534,23",21.181.035,"1.957.972.196.077,21"
SUDESTE,MG,Agrícola,"12.113.295,27",640.474,"89.622.336.793,31","9.202.236,58",392.132,"33.458.771.166,31",25.026,"31.658.346.497,36",513,"4.434.794.341,49","21.315.531,85",1.058.145,"159.174.248.798,47","19.793.257,34",1.113.262,"136.189.379.810,16","11.201.001,59",1.369.792,"62.925.662.538,08",34.121,"40.711.509.951,22",774,"5.943.569.902,68","30.994.258,93",2.517.949,"245.770.122.202,14","39.484.071,48",1.829.547,"272.666.512.766,55","12.639.474,43",1.759.408,"112.215.017.675,12",96.600,"91.616.388.417,21",1.278,"12.964.605.962,19","52.123.545,91",3.686.833,"489.462.524.821,07","296.240.457,09",9.165.221,"1.091.726.437.695,37","56.270.077,14",11.713.729,"542.004.797.560,83",294.968,"249.921.772.458,82",7.117,"74.319.188.362,19","352.510.534,23",21.181.035,"1.957.972.196.077,21"
SUDESTE,MG,Pecuária,"7.679.962,07",472.788,"46.567.043.016,85","1.998.765,01",977.660,"29.466.891.371,77",9.095,"9.053.163.453,86",261,"1.508.775.561,19","9.678.727,08",1.459.804,"86.595.873.403,67","19.793.257,34",1.113.262,"136.189.379.810,16","11.201.001,59",1.369.792,"62.925.662.538,08",34.121,"40.711.509.951,22",774,"5.943.569.902,68","30.994.258,93",2.517.949,"245.770.122.202,14","39.484.071,48",1.829.547,"272.666.512.766,55","12.639.474,43",1.759.408,"112.215.017.675,12",96.600,"91.616.388.417,21",1.278,"12.964.605.962,19","52.123.545,91",3.686.833,"489.462.524.821,07","296.240.457,09",9.165.221,"1.091.726.437.695,37","56.270.077,14",11.713.729,"542.004.797.560,83",294.968,"249.921.772.458,82",7.117,"74.319.188.362,19","352.510.534,23",21.181.035,"1.957.972.196.077,21"
SUDESTE,SP,Agrícola,"16.314.006,43",296.725,"98.801.173.915,80","890.962,79",124.623,"30.873.698.939,55",21.089,"31.577.895.242,33",351,"6.225.020.065,55","17.204.969,22",442.788,"167.477.788.163,23","18.232.145,40",447.718,"120.852.593.414,97","1.125.528,38",215.178,"39.741.045.835,42",57.420,"45.898.840.139,69",404,"6.677.182.488,15","19.357.673,78",720.720,"213.169.661.878,23","39.484.071,48",1.829.547,"272.666.512.766,55","12.639.474,43",1.759.408,"112.215.017.675,12",96.600,"91.616.388.417,21",1.278,"12.964.605.962,19","52.123.545,91",3.686.833,"489.462.524.821,07","296.240.457,09",9.165.221,"1.091.726.437.695,37","56.270.077,14",11.713.729,"542.004.797.560,83",294.968,"249.921.772.458,82",7.117,"74.319.188.362,19","352.510.534,23",21.181.035,"1.957.972.196.077,21"
SUDESTE,SP,Pecuária,"1.918.138,97",150.993,"22.051.419.499,17","234.565,59",90.555,"8.867.346.895,87",36.331,"14.320.944.897,36",53,"452.162.422,60","2.152.704,56",277.932,"45.691.873.715,00","18.232.145,40",447.718,"120.852.593.414,97","1.125.528,38",215.178,"39.741.045.835,42",57.420,"45.898.840.139,69",404,"6.677.182.488,15","19.357.673,78",720.720,"213.169.661.878,23","39.484.071,48",1.829.547,"272.666.512.766,55","12.639.474,43",1.759.408,"112.215.017.675,12",96.600,"91.616.388.417,21",1.278,"12.964.605.962,19","52.123.545,91",3.686.833,"489.462.524.821,07","296.240.457,09",9.165.221,"1.091.726.437.695,37","56.270.077,14",11.713.729,"542.004.797.560,83",294.968,"249.921.772.458,82",7.117,"74.319.188.362,19","352.510.534,23",21.181.035,"1.957.972.196.077,21"
SUDESTE,ES,Agrícola,"695.664,34",195.160,"10.063.056.453,71","146.168,82",123.803,"5.943.393.035,86",3.906,"3.584.273.287,49",41,"161.584.471,36","841.833,16",322.910,"19.752.307.248,42","1.104.902,09",225.092,"13.528.096.784,84","223.002,50",155.047,"8.180.789.074,51",4.316,"3.999.326.128,06",80,"300.468.471,36","1.327.904,59",384.535,"26.008.680.458,77","39.484.071,48",1.829.547,"272.666.512.766,55","12.639.474,43",1.759.408,"112.215.017.675,12",96.600,"91.616.388.417,21",1.278,"12.964.605.962,19","52.123.545,91",3.686.833,"489.462.524.821,07","296.240.457,09",9.165.221,"1.091.726.437.695,37","56.270.077,14",11.713.729,"542.004.797.560,83",294.968,"249.921.772.458,82",7.117,"74.319.188.362,19","352.510.534,23",21.181.035,"1.957.972.196.077,21"
SUDESTE,ES,Pecuária,"409.237,75",29.932,"3.465.040.331,13","76.833,68",31.244,"2.237.396.038,65",410,"415.052.840,57",39,"138.884.000,00","486.071,43",61.625,"6.256.373.210,35","1.104.902,09",225.092,"13.528.096.784,84","223.002,50",155.047,"8.180.789.074,51",4.316,"3.999.326.128,06",80,"300.468.471,36","1.327.904,59",384.535,"26.008.680.458,77","39.484.071,48",1.829.547,"272.666.512.766,55","12.639.474,43",1.759.408,"112.215.017.675,12",96.600,"91.616.388.417,21",1.278,"12.964.605.962,19","52.123.545,91",3.686.833,"489.462.524.821,07","296.240.457,09",9.165.221,"1.091.726.437.695,37","56.270.077,14",11.713.729,"542.004.797.560,83",294.968,"249.921.772.458,82",7.117,"74.319.188.362,19","352.510.534,23",21.181.035,"1.957.972.196.077,21"
SUDESTE,RJ,Agrícola,"37.988,58",20.612,"586.366.290,10","25.380,25",6.586,"382.544.968,49",109,"222.499.642,78",4,"4.700.000,00","63.368,83",27.311,"1.196.110.901,37","353.766,65",43.475,"2.096.442.756,58","89.941,96",19.391,"1.367.520.227,11",743,"1.006.712.198,24",20,"43.385.100,00","443.708,61",63.629,"4.514.060.281,93","39.484.071,48",1.829.547,"272.666.512.766,55","12.639.474,43",1.759.408,"112.215.017.675,12",96.600,"91.616.388.417,21",1.278,"12.964.605.962,19","52.123.545,91",3.686.833,"489.462.524.821,07","296.240.457,09",9.165.221,"1.091.726.437.695,37","56.270.077,14",11.713.729,"542.004.797.560,83",294.968,"249.921.772.458,82",7.117,"74.319.188.362,19","352.510.534,23",21.181.035,"1.957.972.196.077,21"
SUDESTE,RJ,Pecuária,"315.778,07",22.863,"1.510.076.466,48","64.561,71",12.805,"984.975.258,62",634,"784.212.555,46",16,"38.685.100,00","380.339,78",36.318,"3.317.949.380,56","353.766,65",43.475,"2.096.442.756,58","89.941,96",19.391,"1.367.520.227,11",743,"1.006.712.198,24",20,"43.385.100,00","443.708,61",63.629,"4.514.060.281,93","39.484.071,48",1.829.547,"272.666.512.766,55","12.639.474,43",1.759.408,"112.215.017.675,12",96.600,"91.616.388.417,21",1.278,"12.964.605.962,19","52.123.545,91",3.686.833,"489.462.524.821,07","296.240.457,09",9.165.221,"1.091.726.437.695,37","56.270.077,14",11.713.729,"542.004.797.560,83",294.968,"249.921.772.458,82",7.117,"74.319.188.362,19","352.510.534,23",21.181.035,"1.957.972.196.077,21"
NORDESTE,BA,Agrícola,"7.120.825,61",78.546,"30.501.916.708,19","3.574.767,20",532.762,"15.896.067.796,73",3.040,"4.199.234.709,72",21,"184.972.514,45","10.695.592,81",614.369,"50.782.191.729,09","9.616.727,27",182.795,"38.878.903.262,42","5.426.530,43",2.078.405,"26.754.954.740,84",3.230,"4.718.162.772,10",26,"212.172.514,45","15.043.257,70",2.264.456,"70.564.193.289,81","23.711.591,64",796.129,"85.997.522.478,64","16.802.299,00",7.283.696,"70.529.947.266,25",7.377,"11.328.301.591,93",217,"689.470.106,39","40.513.890,64",8.087.419,"168.545.241.443,21","296.240.457,09",9.165.221,"1.091.726.437.695,37","56.270.077,14",11.713.729,"542.004.797.560,83",294.968,"249.921.772.458,82",7.117,"74.319.188.362,19","352.510.534,23",21.181.035,"1.957.972.196.077,21"
NORDESTE,BA,Pecuária,"2.495.901,66",104.249,"8.376.986.554,23","1.851.763,23",1.545.643,"10.858.886.944,11",190,"518.928.062,38",5,"27.200.000,00","4.347.664,89",1.650.087,"19.782.001.560,72","9.616.727,27",182.795,"38.878.903.262,42","5.426.530,43",2.078.405,"26.754.954.740,84",3.230,"4.718.162.772,10",26,"212.172.514,45","15.043.257,70",2.264.456,"70.564.193.289,81","23.711.591,64",796.129,"85.997.522.478,64","16.802.299,00",7.283.696,"70.529.947.266,25",7.377,"11.328.301.591,93",217,"689.470.106,39","40.513.890,64",8.087.419,"168.545.241.443,21","296.240.457,09",9.165.221,"1.091.726.437.695,37","56.270.077,14",11.713.729,"542.004.797.560,83",294.968,"249.921.772.458,82",7.117,"74.319.188.362,19","352.510.534,23",21.181.035,"1.957.972.196.077,21"
NORDESTE,MA,Agrícola,"4.077.905,97",44.476,"13.156.509.632,27","1.862.712,78",160.254,"7.010.406.023,22",812,"1.169.690.610,55",8,"18.733.581,33","5.940.618,75",205.550,"21.355.339.847,37","6.732.503,22",143.303,"20.587.996.112,28","2.934.417,24",739.798,"15.029.944.759,87",838,"1.253.206.184,08",8,"18.733.581,33","9.666.920,46",883.947,"36.889.880.637,56","23.711.591,64",796.129,"85.997.522.478,64","16.802.299,00",7.283.696,"70.529.947.266,25",7.377,"11.328.301.591,93",217,"689.470.106,39","40.513.890,64",8.087.419,"168.545.241.443,21","296.240.457,09",9.165.221,"1.091.726.437.695,37","56.270.077,14",11.713.729,"542.004.797.560,83",294.968,"249.921.772.458,82",7.117,"74.319.188.362,19","352.510.534,23",21.181.035,"1.957.972.196.077,21"
NORDESTE,MA,Pecuária,"2.654.597,25",98.827,"7.431.486.480,01","1.071.704,46",579.544,"8.019.538.736,65",26,"83.515.573,53",0,"0,00","3.726.301,71",678.397,"15.534.540.790,19","6.732.503,22",143.303,"20.587.996.112,28","2.934.417,24",739.798,"15.029.944.759,87",838,"1.253.206.184,08",8,"18.733.581,33","9.666.920,46",883.947,"36.889.880.637,56","23.711.591,64",796.129,"85.997.522.478,64","16.802.299,00",7.283.696,"70.529.947.266,25",7.377,"11.328.301.591,93",217,"689.470.106,39","40.513.890,64",8.087.419,"168.545.241.443,21","296.240.457,09",9.165.221,"1.091.726.437.695,37","56.270.077,14",11.713.729,"542.004.797.560,83",294.968,"249.921.772.458,82",7.117,"74.319.188.362,19","352.510.534,23",21.181.035,"1.957.972.196.077,21"
NORDESTE,PI,Agrícola,"2.984.673,87",21.450,"9.319.297.857,42","921.766,98",116.698,"4.155.960.916,52",780,"1.705.782.142,07",41,"50.045.528,40","3.906.440,85",138.969,"15.231.086.444,41","3.423.472,31",73.297,"10.309.781.555,67","1.411.367,29",912.815,"7.708.082.853,99",789,"1.715.494.272,22",56,"80.944.101,37","4.834.839,60",986.957,"19.814.302.783,25","23.711.591,64",796.129,"85.997.522.478,64","16.802.299,00",7.283.696,"70.529.947.266,25",7.377,"11.328.301.591,93",217,"689.470.106,39","40.513.890,64",8.087.419,"168.545.241.443,21","296.240.457,09",9.165.221,"1.091.726.437.695,37","56.270.077,14",11.713.729,"542.004.797.560,83",294.968,"249.921.772.458,82",7.117,"74.319.188.362,19","352.510.534,23",21.181.035,"1.957.972.196.077,21"
NORDESTE,PI,Pecuária,"438.798,44",51.847,"990.483.698,25","489.600,31",796.117,"3.552.121.937,47",9,"9.712.130,15",15,"30.898.572,97","928.398,75",847.988,"4.583.216.338,84","3.423.472,31",73.297,"10.309.781.555,67","1.411.367,29",912.815,"7.708.082.853,99",789,"1.715.494.272,22",56,"80.944.101,37","4.834.839,60",986.957,"19.814.302.783,25","23.711.591,64",796.129,"85.997.522.478,64","16.802.299,00",7.283.696,"70.529.947.266,25",7.377,"11.328.301.591,93",217,"689.470.106,39","40.513.890,64",8.087.419,"168.545.241.443,21","296.240.457,09",9.165.221,"1.091.726.437.695,37","56.270.077,14",11.713.729,"542.004.797.560,83",294.968,"249.921.772.458,82",7.117,"74.319.188.362,19","352.510.534,23",21.181.035,"1.957.972.196.077,21"
NORDESTE,PE,Agrícola,"217.076,04",12.882,"2.126.871.741,25","710.867,75",223.875,"2.000.888.558,56",144,"212.618.255,90",16,"93.750.000,00","927.943,79",236.917,"4.434.128.555,71","691.827,95",102.012,"4.916.850.149,56","979.890,57",841.732,"5.506.647.760,76",181,"229.561.566,23",30,"152.427.888,00","1.671.718,52",943.955,"10.805.487.364,55","23.711.591,64",796.129,"85.997.522.478,64","16.802.299,00",7.283.696,"70.529.947.266,25",7.377,"11.328.301.591,93",217,"689.470.106,39","40.513.890,64",8.087.419,"168.545.241.443,21","296.240.457,09",9.165.221,"1.091.726.437.695,37","56.270.077,14",11.713.729,"542.004.797.560,83",294.968,"249.921.772.458,82",7.117,"74.319.188.362,19","352.510.534,23",21.181.035,"1.957.972.196.077,21"
NORDESTE,PE,Pecuária,"474.751,91",89.130,"2.789.978.408,31","269.022,82",617.857,"3.505.759.202,20",37,"16.943.310,33",14,"58.677.888,00","743.774,73",707.038,"6.371.358.808,84","691.827,95",102.012,"4.916.850.149,56","979.890,57",841.732,"5.506.647.760,76",181,"229.561.566,23",30,"152.427.888,00","1.671.718,52",943.955,"10.805.487.364,55","23.711.591,64",796.129,"85.997.522.478,64","16.802.299,00",7.283.696,"70.529.947.266,25",7.377,"11.328.301.591,93",217,"689.470.106,39","40.513.890,64",8.087.419,"168.545.241.443,21","296.240.457,09",9.165.221,"1.091.726.437.695,37","56.270.077,14",11.713.729,"542.004.797.560,83",294.968,"249.921.772.458,82",7.117,"74.319.188.362,19","352.510.534,23",21.181.035,"1.957.972.196.077,21"
NORDESTE,CE,Agrícola,"298.281,01",21.014,"455.285.082,66","928.952,03",275.836,"1.487.623.799,90",526,"990.923.039,19",34,"9.872.993,24","1.227.233,04",297.410,"2.943.704.914,99","796.236,76",74.582,"2.613.729.006,80","1.224.584,11",1.056.824,"5.470.412.104,02",664,"1.411.796.214,52",70,"143.122.993,24","2.020.820,87",1.132.140,"9.639.060.318,58","23.711.591,64",796.129,"85.997.522.478,64","16.802.299,00",7.283.696,"70.529.947.266,25",7.377,"11.328.301.591,93",217,"689.470.106,39","40.513.890,64",8.087.419,"168.545.241.443,21","296.240.457,09",9.165.221,"1.091.726.437.695,37","56.270.077,14",11.713.729,"542.004.797.560,83",294.968,"249.921.772.458,82",7.117,"74.319.188.362,19","352.510.534,23",21.181.035,"1.957.972.196.077,21"
NORDESTE,CE,Pecuária,"497.955,75",53.568,"2.158.443.924,14","295.632,08",780.988,"3.982.788.304,12",138,"420.873.175,33",36,"133.250.000,00","793.587,83",834.730,"6.695.355.403,59","796.236,76",74.582,"2.613.729.006,80","1.224.584,11",1.056.824,"5.470.412.104,02",664,"1.411.796.214,52",70,"143.122.993,24","2.020.820,87",1.132.140,"9.639.060.318,58","23.711.591,64",796.129,"85.997.522.478,64","16.802.299,00",7.283.696,"70.529.947.266,25",7.377,"11.328.301.591,93",217,"689.470.106,39","40.513.890,64",8.087.419,"168.545.241.443,21","296.240.457,09",9.165.221,"1.091.726.437.695,37","56.270.077,14",11.713.729,"542.004.797.560,83",294.968,"249.921.772.458,82",7.117,"74.319.188.362,19","352.510.534,23",21.181.035,"1.957.972.196.077,21"
NORDESTE,SE,Agrícola,"675.052,35",38.590,"2.438.204.327,98","1.999.835,91",54.485,"838.846.184,09",768,"477.033.242,04",2,"1.579.866,00","2.674.888,26",93.845,"3.755.663.620,11","836.280,93",80.342,"3.381.187.586,27","2.052.395,42",246.833,"2.123.357.305,53",1.223,"690.543.157,81",2,"1.579.866,00","2.888.676,35",328.400,"6.196.667.915,61","23.711.591,64",796.129,"85.997.522.478,64","16.802.299,00",7.283.696,"70.529.947.266,25",7.377,"11.328.301.591,93",217,"689.470.106,39","40.513.890,64",8.087.419,"168.545.241.443,21","296.240.457,09",9.165.221,"1.091.726.437.695,37","56.270.077,14",11.713.729,"542.004.797.560,83",294.968,"249.921.772.458,82",7.117,"74.319.188.362,19","352.510.534,23",21.181.035,"1.957.972.196.077,21"
NORDESTE,SE,Pecuária,"161.228,58",41.752,"942.983.258,29","52.559,51",192.348,"1.284.511.121,44",455,"213.509.915,77",0,"0,00","213.788,09",234.555,"2.441.004.295,50","836.280,93",80.342,"3.381.187.586,27","2.052.395,42",246.833,"2.123.357.305,53",1.223,"690.543.157,81",2,"1.579.866,00","2.888.676,35",328.400,"6.196.667.915,61","23.711.591,64",796.129,"85.997.522.478,64","16.802.299,00",7.283.696,"70.529.947.266,25",7.377,"11.328.301.591,93",217,"689.470.106,39","40.513.890,64",8.087.419,"168.545.241.443,21","296.240.457,09",9.165.221,"1.091.726.437.695,37","56.270.077,14",11.713.729,"542.004.797.560,83",294.968,"249.921.772.458,82",7.117,"74.319.188.362,19","352.510.534,23",21.181.035,"1.957.972.196.077,21"
NORDESTE,PB,Agrícola,"146.030,64",17.866,"798.314.093,60","339.475,37",101.706,"723.593.042,55",181,"360.567.906,89",4,"24.800.000,00","485.506,01",119.757,"1.907.275.043,04","573.009,13",61.210,"2.071.552.380,86","756.521,75",607.719,"3.092.312.480,08",194,"392.653.956,26",4,"24.800.000,00","1.329.530,88",669.127,"5.581.318.817,20","23.711.591,64",796.129,"85.997.522.478,64","16.802.299,00",7.283.696,"70.529.947.266,25",7.377,"11.328.301.591,93",217,"689.470.106,39","40.513.890,64",8.087.419,"168.545.241.443,21","296.240.457,09",9.165.221,"1.091.726.437.695,37","56.270.077,14",11.713.729,"542.004.797.560,83",294.968,"249.921.772.458,82",7.117,"74.319.188.362,19","352.510.534,23",21.181.035,"1.957.972.196.077,21"
NORDESTE,PB,Pecuária,"426.978,49",43.344,"1.273.238.287,26","417.046,38",506.013,"2.368.719.437,53",13,"32.086.049,37",0,"0,00","844.024,87",549.370,"3.674.043.774,16","573.009,13",61.210,"2.071.552.380,86","756.521,75",607.719,"3.092.312.480,08",194,"392.653.956,26",4,"24.800.000,00","1.329.530,88",669.127,"5.581.318.817,20","23.711.591,64",796.129,"85.997.522.478,64","16.802.299,00",7.283.696,"70.529.947.266,25",7.377,"11.328.301.591,93",217,"689.470.106,39","40.513.890,64",8.087.419,"168.545.241.443,21","296.240.457,09",9.165.221,"1.091.726.437.695,37","56.270.077,14",11.713.729,"542.004.797.560,83",294.968,"249.921.772.458,82",7.117,"74.319.188.362,19","352.510.534,23",21.181.035,"1.957.972.196.077,21"
NORDESTE,AL,Agrícola,"254.521,97",18.910,"1.205.050.635,88","1.131.888,41",77.596,"855.723.491,41",97,"389.202.607,01",9,"38.068.962,00","1.386.410,38",96.612,"2.488.045.696,30","517.586,58",47.760,"2.193.823.994,10","1.226.810,10",378.845,"2.632.615.916,18",99,"392.744.522,54",9,"38.068.962,00","1.744.396,68",426.713,"5.257.253.394,82","23.711.591,64",796.129,"85.997.522.478,64","16.802.299,00",7.283.696,"70.529.947.266,25",7.377,"11.328.301.591,93",217,"689.470.106,39","40.513.890,64",8.087.419,"168.545.241.443,21","296.240.457,09",9.165.221,"1.091.726.437.695,37","56.270.077,14",11.713.729,"542.004.797.560,83",294.968,"249.921.772.458,82",7.117,"74.319.188.362,19","352.510.534,23",21.181.035,"1.957.972.196.077,21"
NORDESTE,AL,Pecuária,"263.064,61",28.850,"988.773.358,22","94.921,69",301.249,"1.776.892.424,77",2,"3.541.915,53",0,"0,00","357.986,30",330.101,"2.769.207.698,52","517.586,58",47.760,"2.193.823.994,10","1.226.810,10",378.845,"2.632.615.916,18",99,"392.744.522,54",9,"38.068.962,00","1.744.396,68",426.713,"5.257.253.394,82","23.711.591,64",796.129,"85.997.522.478,64","16.802.299,00",7.283.696,"70.529.947.266,25",7.377,"11.328.301.591,93",217,"689.470.106,39","40.513.890,64",8.087.419,"168.545.241.443,21","296.240.457,09",9.165.221,"1.091.726.437.695,37","56.270.077,14",11.713.729,"542.004.797.560,83",294.968,"249.921.772.458,82",7.117,"74.319.188.362,19","352.510.534,23",21.181.035,"1.957.972.196.077,21"
NORDESTE,RN,Agrícola,"44.335,98",4.989,"356.852.112,27","392.078,28",85.825,"594.330.218,23",80,"491.803.735,08",12,"17.620.200,00","436.414,26",90.906,"1.460.606.265,58","523.947,49",30.828,"1.043.698.430,68","789.782,09",420.725,"2.211.619.344,98",159,"524.138.946,17",12,"17.620.200,00","1.313.729,58",451.724,"3.797.076.921,83","23.711.591,64",796.129,"85.997.522.478,64","16.802.299,00",7.283.696,"70.529.947.266,25",7.377,"11.328.301.591,93",217,"689.470.106,39","40.513.890,64",8.087.419,"168.545.241.443,21","296.240.457,09",9.165.221,"1.091.726.437.695,37","56.270.077,14",11.713.729,"542.004.797.560,83",294.968,"249.921.772.458,82",7.117,"74.319.188.362,19","352.510.534,23",21.181.035,"1.957.972.196.077,21"
NORDESTE,RN,Pecuária,"479.611,51",25.839,"686.846.318,41","397.703,81",334.900,"1.617.289.126,75",79,"32.335.211,09",0,"0,00","877.315,32",360.818,"2.336.470.656,25","523.947,49",30.828,"1.043.698.430,68","789.782,09",420.725,"2.211.619.344,98",159,"524.138.946,17",12,"17.620.200,00","1.313.729,58",451.724,"3.797.076.921,83","23.711.591,64",796.129,"85.997.522.478,64","16.802.299,00",7.283.696,"70.529.947.266,25",7.377,"11.328.301.591,93",217,"689.470.106,39","40.513.890,64",8.087.419,"168.545.241.443,21","296.240.457,09",9.165.221,"1.091.726.437.695,37","56.270.077,14",11.713.729,"542.004.797.560,83",294.968,"249.921.772.458,82",7.117,"74.319.188.362,19","352.510.534,23",21.181.035,"1.957.972.196.077,21"
NORTE,TO,Agrícola,"4.393.895,77",19.084,"14.218.882.181,49","584.972,20",14.596,"6.901.492.419,38",1.229,"1.705.323.201,16",29,"158.887.778,17","4.978.867,97",34.938,"22.984.585.580,20","7.717.299,09",62.213,"24.749.481.022,21","1.840.166,20",105.553,"17.096.304.085,47",1.316,"1.740.071.977,59",55,"355.087.040,09","9.557.465,29",169.137,"43.940.944.125,36","21.145.072,17",301.267,"60.124.573.658,94","6.473.232,92",568.032,"55.102.732.380,10",9.799,"3.346.622.194,66",149,"639.980.658,26","27.618.305,09",879.247,"119.213.908.891,96","296.240.457,09",9.165.221,"1.091.726.437.695,37","56.270.077,14",11.713.729,"542.004.797.560,83",294.968,"249.921.772.458,82",7.117,"74.319.188.362,19","352.510.534,23",21.181.035,"1.957.972.196.077,21"
NORTE,TO,Pecuária,"3.323.403,32",43.129,"10.530.598.840,72","1.255.194,00",90.957,"10.194.811.666,09",87,"34.748.776,43",26,"196.199.261,92","4.578.597,32",134.199,"20.956.358.545,16","7.717.299,09",62.213,"24.749.481.022,21","1.840.166,20",105.553,"17.096.304.085,47",1.316,"1.740.071.977,59",55,"355.087.040,09","9.557.465,29",169.137,"43.940.944.125,36","21.145.072,17",301.267,"60.124.573.658,94","6.473.232,92",568.032,"55.102.732.380,10",9.799,"3.346.622.194,66",149,"639.980.658,26","27.618.305,09",879.247,"119.213.908.891,96","296.240.457,09",9.165.221,"1.091.726.437.695,37","56.270.077,14",11.713.729,"542.004.797.560,83",294.968,"249.921.772.458,82",7.117,"74.319.188.362,19","352.510.534,23",21.181.035,"1.957.972.196.077,21"
NORTE,RO,Agrícola,"981.887,22",12.942,"3.597.687.155,18","192.425,31",18.069,"3.121.082.988,76",320,"640.893.600,02",23,"40.776.686,08","1.174.312,53",31.354,"7.400.440.430,04","6.448.293,77",150.634,"16.471.714.618,18","1.591.874,96",172.371,"17.049.808.729,82",829,"752.219.514,50",27,"41.910.486,08","8.040.168,73",323.861,"34.315.653.348,58","21.145.072,17",301.267,"60.124.573.658,94","6.473.232,92",568.032,"55.102.732.380,10",9.799,"3.346.622.194,66",149,"639.980.658,26","27.618.305,09",879.247,"119.213.908.891,96","296.240.457,09",9.165.221,"1.091.726.437.695,37","56.270.077,14",11.713.729,"542.004.797.560,83",294.968,"249.921.772.458,82",7.117,"74.319.188.362,19","352.510.534,23",21.181.035,"1.957.972.196.077,21"
NORTE,RO,Pecuária,"5.466.406,55",137.692,"12.874.027.463,00","1.399.449,65",154.302,"13.928.725.741,06",509,"111.325.914,48",4,"1.133.800,00","6.865.856,20",292.507,"26.915.212.918,54","6.448.293,77",150.634,"16.471.714.618,18","1.591.874,96",172.371,"17.049.808.729,82",829,"752.219.514,50",27,"41.910.486,08","8.040.168,73",323.861,"34.315.653.348,58","21.145.072,17",301.267,"60.124.573.658,94","6.473.232,92",568.032,"55.102.732.380,10",9.799,"3.346.622.194,66",149,"639.980.658,26","27.618.305,09",879.247,"119.213.908.891,96","296.240.457,09",9.165.221,"1.091.726.437.695,37","56.270.077,14",11.713.729,"542.004.797.560,83",294.968,"249.921.772.458,82",7.117,"74.319.188.362,19","352.510.534,23",21.181.035,"1.957.972.196.077,21"
NORTE,PA,Agrícola,"1.820.713,61",16.018,"6.134.395.054,11","404.690,77",70.276,"5.119.291.755,86",139,"269.106.764,58",34,"139.584.544,76","2.225.404,38",86.467,"11.662.378.119,31","5.625.463,08",61.527,"15.394.953.526,32","2.365.092,17",204.004,"16.690.521.767,96",1.731,"482.894.182,49",42,"151.841.574,76","7.990.555,25",267.304,"32.720.211.051,53","21.145.072,17",301.267,"60.124.573.658,94","6.473.232,92",568.032,"55.102.732.380,10",9.799,"3.346.622.194,66",149,"639.980.658,26","27.618.305,09",879.247,"119.213.908.891,96","296.240.457,09",9.165.221,"1.091.726.437.695,37","56.270.077,14",11.713.729,"542.004.797.560,83",294.968,"249.921.772.458,82",7.117,"74.319.188.362,19","352.510.534,23",21.181.035,"1.957.972.196.077,21"
NORTE,PA,Pecuária,"3.804.749,47",45.509,"9.260.558.472,21","1.960.401,40",133.728,"11.571.230.012,10",1.592,"213.787.417,91",8,"12.257.030,00","5.765.150,87",180.837,"21.057.832.932,22","5.625.463,08",61.527,"15.394.953.526,32","2.365.092,17",204.004,"16.690.521.767,96",1.731,"482.894.182,49",42,"151.841.574,76","7.990.555,25",267.304,"32.720.211.051,53","21.145.072,17",301.267,"60.124.573.658,94","6.473.232,92",568.032,"55.102.732.380,10",9.799,"3.346.622.194,66",149,"639.980.658,26","27.618.305,09",879.247,"119.213.908.891,96","296.240.457,09",9.165.221,"1.091.726.437.695,37","56.270.077,14",11.713.729,"542.004.797.560,83",294.968,"249.921.772.458,82",7.117,"74.319.188.362,19","352.510.534,23",21.181.035,"1.957.972.196.077,21"
NORTE,AC,Agrícola,"38.054,77",2.702,"180.173.605,48","11.325,88",4.909,"209.029.345,05",8,"8.336.900,00",14,"80.107.293,00","49.380,65",7.633,"477.647.143,53","850.855,30",13.605,"1.585.870.560,81","271.898,96",42.249,"2.116.643.011,77",10,"9.818.163,83",17,"82.593.586,29","1.122.754,26",55.881,"3.794.925.322,70","21.145.072,17",301.267,"60.124.573.658,94","6.473.232,92",568.032,"55.102.732.380,10",9.799,"3.346.622.194,66",149,"639.980.658,26","27.618.305,09",879.247,"119.213.908.891,96","296.240.457,09",9.165.221,"1.091.726.437.695,37","56.270.077,14",11.713.729,"542.004.797.560,83",294.968,"249.921.772.458,82",7.117,"74.319.188.362,19","352.510.534,23",21.181.035,"1.957.972.196.077,21"
NORTE,AC,Pecuária,"812.800,53",10.903,"1.405.696.955,33","260.573,08",37.340,"1.907.613.666,72",2,"1.481.263,83",3,"2.486.293,29","1.073.373,61",48.248,"3.317.278.179,17","850.855,30",13.605,"1.585.870.560,81","271.898,96",42.249,"2.116.643.011,77",10,"9.818.163,83",17,"82.593.586,29","1.122.754,26",55.881,"3.794.925.322,70","21.145.072,17",301.267,"60.124.573.658,94","6.473.232,92",568.032,"55.102.732.380,10",9.799,"3.346.622.194,66",149,"639.980.658,26","27.618.305,09",879.247,"119.213.908.891,96","296.240.457,09",9.165.221,"1.091.726.437.695,37","56.270.077,14",11.713.729,"542.004.797.560,83",294.968,"249.921.772.458,82",7.117,"74.319.188.362,19","352.510.534,23",21.181.035,"1.957.972.196.077,21"
NORTE,RR,Agrícola,"144.948,71",815,"573.515.366,52","51.257,02",2.254,"533.503.163,15",15,"12.982.726,01",0,"0,00","196.205,73",3.084,"1.120.001.255,68","331.426,14",4.585,"1.216.115.729,06","172.154,18",14.174,"1.377.214.168,51",887,"33.686.196,65",1,"816.197,23","503.580,32",19.647,"2.627.832.291,45","21.145.072,17",301.267,"60.124.573.658,94","6.473.232,92",568.032,"55.102.732.380,10",9.799,"3.346.622.194,66",149,"639.980.658,26","27.618.305,09",879.247,"119.213.908.891,96","296.240.457,09",9.165.221,"1.091.726.437.695,37","56.270.077,14",11.713.729,"542.004.797.560,83",294.968,"249.921.772.458,82",7.117,"74.319.188.362,19","352.510.534,23",21.181.035,"1.957.972.196.077,21"
NORTE,RR,Pecuária,"186.477,43",3.770,"642.600.362,54","120.897,16",11.920,"843.711.005,36",872,"20.703.470,64",1,"816.197,23","307.374,59",16.563,"1.507.831.035,77","331.426,14",4.585,"1.216.115.729,06","172.154,18",14.174,"1.377.214.168,51",887,"33.686.196,65",1,"816.197,23","503.580,32",19.647,"2.627.832.291,45","21.145.072,17",301.267,"60.124.573.658,94","6.473.232,92",568.032,"55.102.732.380,10",9.799,"3.346.622.194,66",149,"639.980.658,26","27.618.305,09",879.247,"119.213.908.891,96","296.240.457,09",9.165.221,"1.091.726.437.695,37","56.270.077,14",11.713.729,"542.004.797.560,83",294.968,"249.921.772.458,82",7.117,"74.319.188.362,19","352.510.534,23",21.181.035,"1.957.972.196.077,21"
NORTE,AM,Agrícola,"33.077,13",4.698,"178.471.266,92","5.174,84",9.136,"192.195.222,00",996,"142.555.147,66",2,"551.627,40","38.251,97",14.832,"513.773.263,98","136.438,35",7.864,"586.017.084,70","211.062,22",23.827,"619.480.688,25",5.021,"322.932.159,60",5,"6.771.571,97","347.500,57",36.717,"1.535.201.504,52","21.145.072,17",301.267,"60.124.573.658,94","6.473.232,92",568.032,"55.102.732.380,10",9.799,"3.346.622.194,66",149,"639.980.658,26","27.618.305,09",879.247,"119.213.908.891,96","296.240.457,09",9.165.221,"1.091.726.437.695,37","56.270.077,14",11.713.729,"542.004.797.560,83",294.968,"249.921.772.458,82",7.117,"74.319.188.362,19","352.510.534,23",21.181.035,"1.957.972.196.077,21"
NORTE,AM,Pecuária,"103.361,22",3.166,"407.545.817,78","205.887,38",14.691,"427.285.466,25",4.025,"180.377.011,94",3,"6.219.944,57","309.248,60",21.885,"1.021.428.240,54","136.438,35",7.864,"586.017.084,70","211.062,22",23.827,"619.480.688,25",5.021,"322.932.159,60",5,"6.771.571,97","347.500,57",36.717,"1.535.201.504,52","21.145.072,17",301.267,"60.124.573.658,94","6.473.232,92",568.032,"55.102.732.380,10",9.799,"3.346.622.194,66",149,"639.980.658,26","27.618.305,09",879.247,"119.213.908.891,96","296.240.457,09",9.165.221,"1.091.726.437.695,37","56.270.077,14",11.713.729,"542.004.797.560,83",294.968,"249.921.772.458,82",7.117,"74.319.188.362,19","352.510.534,23",21.181.035,"1.957.972.196.077,21"
NORTE,AP,Agrícola,"31.621,40",766,"107.532.181,90","20.340,55",5.391,"139.420.840,28",5,"5.000.000,00",2,"960.201,84","51.961,95",6.164,"252.913.224,02","35.296,44",839,"120.421.117,66","20.984,23",5.854,"152.759.928,32",5,"5.000.000,00",2,"960.201,84","56.280,67",6.700,"279.141.247,82","21.145.072,17",301.267,"60.124.573.658,94","6.473.232,92",568.032,"55.102.732.380,10",9.799,"3.346.622.194,66",149,"639.980.658,26","27.618.305,09",879.247,"119.213.908.891,96","296.240.457,09",9.165.221,"1.091.726.437.695,37","56.270.077,14",11.713.729,"542.004.797.560,83",294.968,"249.921.772.458,82",7.117,"74.319.188.362,19","352.510.534,23",21.181.035,"1.957.972.196.077,21"
NORTE,AP,Pecuária,"3.675,04",73,"12.888.935,76","643,68",463,"13.339.088,04",0,"0,00",0,"0,00","4.318,72",536,"26.228.023,80","35.296,44",839,"120.421.117,66","20.984,23",5.854,"152.759.928,32",5,"5.000.000,00",2,"960.201,84","56.280,67",6.700,"279.141.247,82","21.145.072,17",301.267,"60.124.573.658,94","6.473.232,92",568.032,"55.102.732.380,10",9.799,"3.346.622.194,66",149,"639.980.658,26","27.618.305,09",879.247,"119.213.908.891,96","296.240.457,09",9.165.221,"1.091.726.437.695,37","56.270.077,14",11.713.729,"542.004.797.560,83",294.968,"249.921.772.458,82",7.117,"74.319.188.362,19","352.510.534,23",21.181.035,"1.957.972.196.077,21"

